{
  "perSeries": {
    "dCashE": {
      "maxAbs": 2.3283064365386963e-9,
      "maxAbsAt": {
        "idx": 45,
        "year": 2072,
        "age": 94
      },
      "maxPct": 1.0141793272835568e-11,
      "maxPctAt": {
        "idx": 38,
        "year": 2065,
        "age": 87
      }
    },
    "dNwE": {
      "maxAbs": 9.313225746154785e-10,
      "maxAbsAt": {
        "idx": 20,
        "year": 2047,
        "age": 69
      },
      "maxPct": 4.6827862553369006e-14,
      "maxPctAt": {
        "idx": 20,
        "year": 2047,
        "age": 69
      }
    },
    "dCashN": {
      "maxAbs": 4.889443516731262e-9,
      "maxAbsAt": {
        "idx": 46,
        "year": 2073,
        "age": 95
      },
      "maxPct": 2.8070577815945755e-13,
      "maxPctAt": {
        "idx": 46,
        "year": 2073,
        "age": 95
      }
    },
    "dNwN": {
      "maxAbs": 2.7939677238464355e-9,
      "maxAbsAt": {
        "idx": 29,
        "year": 2056,
        "age": 78
      },
      "maxPct": 6.428659242128377e-14,
      "maxPctAt": {
        "idx": 29,
        "year": 2056,
        "age": 78
      }
    }
  },
  "global": {
    "maxAbs": 4.889443516731262e-9,
    "maxAbsAt": {
      "k": "dCashN",
      "i": 46,
      "age": 95,
      "year": 2073,
      "dCashE": 2.3283064365386963e-9,
      "dNwE": -6.984919309616089e-10,
      "dCashN": 4.889443516731262e-9,
      "dNwN": -1.862645149230957e-9,
      "xCashE": -617665.3554715256,
      "xNwE": 1696174.7623174235,
      "xCashN": 1741839.2841040017,
      "xNwN": 7842928.600326279
    },
    "maxPct": 1.0141793272835568e-11,
    "maxPctAt": {
      "k": "dCashE",
      "i": 38,
      "age": 87,
      "year": 2065,
      "dCashE": 1.760781742632389e-9,
      "dNwE": 4.656612873077393e-10,
      "dCashN": 3.259629011154175e-9,
      "dNwN": 9.313225746154785e-10,
      "xCashE": 17361.64103589629,
      "xNwE": 1855973.409937554,
      "xCashN": 1354199.2138781769,
      "xNwN": 5885380.2452083975
    }
  }
}